feature,importance
llp_ratio,0.21775381016550938
roe,0.11255409462584084
cir,0.09325376342046682
roa,0.08885196334695004
total_loans,0.053536215855369156
eta,0.050271695472697046
etd,0.04912035530681059
lta,0.048780769977435
total_deposits,0.048712580770613606
total_assets,0.04867246209217044
gta,0.04828115299493662
nim,0.04802320596250829
total_equity,0.04703239858784219
ltd,0.04515553142085007
